{"schemaVersion":19,"addons":[{"id":"aushelper@mozilla.org","syncGUID":"{db06fdca-67f9-964b-a33e-d9a5bd43fa45}","location":"app-system-defaults","version":"2.0","type":"extension","internalName":null,"updateURL":null,"updateKey":null,"optionsURL":null,"optionsType":null,"aboutURL":null,"icons":{},"iconURL":null,"icon64URL":null,"defaultLocale":{"name":"Application Update Service Helper","description":"Sets value(s) in the update url based on custom checks.","creator":null,"homepageURL":null},"visible":true,"active":true,"userDisabled":false,"appDisabled":false,"descriptor":"/Applications/Firefox.app/Contents/Resources/browser/features/aushelper@mozilla.org.xpi","installDate":1498666068000,"updateDate":1498666068000,"applyBackgroundUpdates":1,"bootstrap":true,"skinnable":false,"size":8488,"sourceURI":null,"releaseNotesURI":null,"softDisabled":false,"foreignInstall":false,"hasBinaryComponents":false,"strictCompatibility":false,"locales":[],"targetApplications":[{"id":"{ec8030f7-c20a-464f-9b0e-13a3a9e97384}","minVersion":"54.0.1","maxVersion":"54.*"}],"targetPlatforms":[],"multiprocessCompatible":true,"seen":true,"dependencies":[],"hasEmbeddedWebExtension":false,"mpcOptedOut":false,"userPermissions":null},{"id":"e10srollout@mozilla.org","syncGUID":"{b6b9cb1d-2240-d342-9adb-bbc145e1b56b}","location":"app-system-defaults","version":"1.50","type":"extension","internalName":null,"updateURL":null,"updateKey":null,"optionsURL":null,"optionsType":null,"aboutURL":null,"icons":{},"iconURL":null,"icon64URL":null,"defaultLocale":{"name":"Multi-process staged rollout","description":"Staged rollout of Firefox multi-process feature.","creator":null,"homepageURL":null},"visible":true,"active":true,"userDisabled":false,"appDisabled":false,"descriptor":"/Applications/Firefox.app/Contents/Resources/browser/features/e10srollout@mozilla.org.xpi","installDate":1498666068000,"updateDate":1498666068000,"applyBackgroundUpdates":1,"bootstrap":true,"skinnable":false,"size":12519,"sourceURI":null,"releaseNotesURI":null,"softDisabled":false,"foreignInstall":false,"hasBinaryComponents":false,"strictCompatibility":false,"locales":[],"targetApplications":[{"id":"{ec8030f7-c20a-464f-9b0e-13a3a9e97384}","minVersion":"54.0.1","maxVersion":"54.*"}],"targetPlatforms":[],"multiprocessCompatible":true,"seen":true,"dependencies":[],"hasEmbeddedWebExtension":false,"mpcOptedOut":false,"userPermissions":null},{"id":"firefox@getpocket.com","syncGUID":"{5932f697-9cd8-314f-a1e0-2aa478737cd8}","location":"app-system-defaults","version":"1.0.5","type":"extension","internalName":null,"updateURL":null,"updateKey":null,"optionsURL":null,"optionsType":null,"aboutURL":null,"icons":{},"iconURL":null,"icon64URL":null,"defaultLocale":{"name":"Pocket","description":"When you find something you want to view later, put it in Pocket.","creator":null,"homepageURL":null},"visible":true,"active":true,"userDisabled":false,"appDisabled":false,"descriptor":"/Applications/Firefox.app/Contents/Resources/browser/features/firefox@getpocket.com.xpi","installDate":1498666068000,"updateDate":1498666068000,"applyBackgroundUpdates":1,"bootstrap":true,"skinnable":false,"size":913906,"sourceURI":null,"releaseNotesURI":null,"softDisabled":false,"foreignInstall":false,"hasBinaryComponents":false,"strictCompatibility":false,"locales":[],"targetApplications":[{"id":"{ec8030f7-c20a-464f-9b0e-13a3a9e97384}","minVersion":"54.0.1","maxVersion":"54.*"}],"targetPlatforms":[],"multiprocessCompatible":true,"seen":true,"dependencies":[],"hasEmbeddedWebExtension":false,"mpcOptedOut":false,"userPermissions":null},{"id":"screenshots@mozilla.org","syncGUID":"{922390f1-9d0b-194c-91f3-ebeb4a243956}","location":"app-system-defaults","version":"6.6.0","type":"extension","internalName":null,"updateURL":null,"updateKey":null,"optionsURL":null,"optionsType":null,"aboutURL":null,"icons":{},"iconURL":null,"icon64URL":null,"defaultLocale":{"name":"Firefox Screenshots","description":null,"creator":null,"homepageURL":"https://pageshot.net/"},"visible":true,"active":true,"userDisabled":false,"appDisabled":false,"descriptor":"/Applications/Firefox.app/Contents/Resources/browser/features/screenshots@mozilla.org.xpi","installDate":1498666068000,"updateDate":1498666068000,"applyBackgroundUpdates":1,"bootstrap":true,"skinnable":false,"size":716271,"sourceURI":null,"releaseNotesURI":null,"softDisabled":false,"foreignInstall":false,"hasBinaryComponents":false,"strictCompatibility":false,"locales":[],"targetApplications":[{"id":"{ec8030f7-c20a-464f-9b0e-13a3a9e97384}","minVersion":"51.0a1","maxVersion":"*"}],"targetPlatforms":[],"multiprocessCompatible":true,"seen":true,"dependencies":[],"hasEmbeddedWebExtension":false,"mpcOptedOut":false,"userPermissions":null},{"id":"webcompat@mozilla.org","syncGUID":"{591f0ce8-d64a-d546-be23-00cd25a028b8}","location":"app-system-defaults","version":"1.1","type":"extension","internalName":null,"updateURL":null,"updateKey":null,"optionsURL":null,"optionsType":null,"aboutURL":null,"icons":{},"iconURL":null,"icon64URL":null,"defaultLocale":{"name":"Web Compat","description":"Urgent post-release fixes for web compatibility.","creator":null,"homepageURL":null},"visible":true,"active":true,"userDisabled":false,"appDisabled":false,"descriptor":"/Applications/Firefox.app/Contents/Resources/browser/features/webcompat@mozilla.org.xpi","installDate":1498666068000,"updateDate":1498666068000,"applyBackgroundUpdates":1,"bootstrap":true,"skinnable":false,"size":9006,"sourceURI":null,"releaseNotesURI":null,"softDisabled":false,"foreignInstall":false,"hasBinaryComponents":false,"strictCompatibility":false,"locales":[],"targetApplications":[{"id":"{ec8030f7-c20a-464f-9b0e-13a3a9e97384}","minVersion":"54.0.1","maxVersion":"54.*"}],"targetPlatforms":[],"multiprocessCompatible":true,"seen":true,"dependencies":[],"hasEmbeddedWebExtension":false,"mpcOptedOut":false,"userPermissions":null},{"id":"{972ce4c6-7e08-4474-a285-3208198ce6fd}","syncGUID":"{83de1cd9-40c1-e142-a881-c5c03551d6b3}","location":"app-global","version":"54.0.1","type":"theme","internalName":"classic/1.0","updateURL":null,"updateKey":null,"optionsURL":null,"optionsType":null,"aboutURL":null,"icons":{},"iconURL":"chrome://browser/content/default-theme-icon.svg","icon64URL":null,"defaultLocale":{"name":"Default","description":"The default theme.","creator":"Mozilla","homepageURL":null,"contributors":["Mozilla Contributors"]},"visible":true,"active":true,"userDisabled":false,"appDisabled":false,"descriptor":"/Applications/Firefox.app/Contents/Resources/browser/extensions/{972ce4c6-7e08-4474-a285-3208198ce6fd}.xpi","installDate":1498666068000,"updateDate":1498666068000,"applyBackgroundUpdates":1,"skinnable":true,"size":3914,"sourceURI":null,"releaseNotesURI":null,"softDisabled":false,"foreignInstall":false,"hasBinaryComponents":false,"strictCompatibility":true,"locales":[],"targetApplications":[{"id":"{ec8030f7-c20a-464f-9b0e-13a3a9e97384}","minVersion":"54.0.1","maxVersion":"54.0.1"}],"targetPlatforms":[],"seen":true,"dependencies":[],"hasEmbeddedWebExtension":false,"userPermissions":null}]}