{"chrome://browser/content/browser.xul":{"navigator-toolbox":{"iconsize":"small"},"titlebar-placeholder-on-TabsToolbar-for-fullscreen-button":{"width":"0"},"titlebar-placeholder-on-TabsToolbar-for-captions-buttons":{"width":"61"},"main-window":{"sizemode":"maximized"},"PersonalToolbar":{"collapsed":"false"},"sidebar-box":{"sidebarcommand":"","width":"","src":""},"sidebar-title":{"value":""}},"chrome://browser/content/places/places.xul":{"placesContentTags":{"ordinal":"3"},"placesContentUrl":{"ordinal":"5"},"placesContentDate":{"ordinal":"7"},"placesContentVisitCount":{"ordinal":"9"},"placesContentDescription":{"ordinal":"11"},"placesContentDateAdded":{"ordinal":"13"},"placesContentLastModified":{"ordinal":"15"},"places":{"screenX":"10","screenY":"23","width":"700","height":"500","sizemode":"normal"}},"chrome://browser/content/sanitize.xul":{"detailsExpander":{"class":"expander-down"},"itemList":{"collapsed":"true"},"SanitizeDialog":{"screenX":"291","screenY":"281"}}}